business_name,city,state,website,phone,contact_method,industry,to_email,subject,body,approved,sent_at,approval_reason,scoring_reason,final_priority_score,automation_opportunity,do_not_contact,draft_version,facebook_url,instagram_url,contact_form_url,social_channels,social_dm_text,facebook_dm_draft,instagram_dm_draft,contact_form_message,lead_insight_sentence,lead_insight_signals,opportunity_score,last_contact_channel,last_contacted_at,contact_attempt_count,contact_result,next_followup_at,campaign_key,message_id,replied,replied_at,reply_snippet,conversation_notes,conversation_next_step,send_after
Lars Plumbing,Rockford,IL,https://www.larsplumbing.com/contact-us,8153788686,email,,john@larsplumbing.com,Quick question about calls,"Hi Lars Plumbing,

Do you guys ever miss calls when the crew is out on jobs?

I built a simple setup that automatically texts the caller back so you can follow up instead of losing the job.

Happy to send a quick example if you're curious.

– Drew",true,2026-03-14T20:40:05.989155+00:00,,Good Fit — high-fit industry (plumbing) (+2); has website (+1); has email (+1),4,unknown,,,,,,,,,,,,,,,,,,,,,,,,,,
Rockford Door Company,Rockford,IL,https://www.rockfordgaragedoor.com,8153975903,email,garage_door,rockforddoorcompany@gmail.com,quick question for Rockford Door Company,"Hi Rockford Door Company,

Do you ever miss calls when everyone's out working jobs?

A lot of service companies lose those leads because the customer just calls the next number if nobody answers.

I set up a simple text-back line that replies to missed callers automatically so you can follow up instead of losing the job.

Happy to send a quick example if you're curious.

– Drew",true,2026-03-16T01:16:21.077040+00:00,,Good Fit — high-fit industry (garage_door) (+2); has website (+1); has email (+1),4,unknown,,,,,,,,,,,,,,,,,,,,<a90680a5cae94603a5b5efd9b5dd968f@copperline.mail>,,,,,,
Cropp's Door Service Inc.,Loves Park,IL,https://www.croppsdoorservice.com,8152822702,email,garage_door,croppsdoor@sbcglobal.net,missed calls?,"Hi Cropp's Door Service Inc.,

Quick question — what happens when someone calls after hours and nobody answers?

A lot of service companies lose those leads because the customer just calls the next number if nobody answers.

I set up a simple text-back line that replies to missed callers automatically so you can follow up instead of losing the job.

Happy to send a quick example if you're curious.

– Drew",true,2026-03-16T01:17:07.904096+00:00,,Good Fit — high-fit industry (garage_door) (+2); has website (+1); has email (+1),4,unknown,,,,,,,,,,,,,,,,,,,,<e0b9c65eb9dd44d1840b43e9a746399f@copperline.mail>,,,,,,
Raynor Door Authority of Rockford,Loves Park,IL,https://raynordoorauthority.com/locations/rockford,8157062896,email,garage_door,rockfordservice@raynordoorauthority.com,quick question,"Hi Raynor Door Authority of Rockford,

Quick question — what happens when someone calls after hours and nobody answers?

A lot of service companies lose those leads because the customer just calls the next number if nobody answers.

I set up a simple text-back line that replies to missed callers automatically so you can follow up instead of losing the job.

Happy to send a quick example if you're curious.

– Drew",true,2026-03-16T01:17:54.480725+00:00,,Good Fit — high-fit industry (garage_door) (+2); has website (+1); has email (+1),4,unknown,,,,,,,,,,,,,,,,,,,,<a6246c75672445a59d3a95afff56341e@copperline.mail>,,,,,,
Rock River Door Company,Rockton,IL,http://rockriverdoor.com,8156243667,email,garage_door,rockriverdoor@gmail.com,quick question,"Hi Rock River Door Company,

Do you ever miss calls when everyone's out working jobs?

A lot of service companies lose those leads because the customer just calls the next number if nobody answers.

I set up a simple text-back line that replies to missed callers automatically so you can follow up instead of losing the job.

Happy to send a quick example if you're curious.

– Drew",true,2026-03-16T01:18:41.614212+00:00,,Good Fit — high-fit industry (garage_door) (+2); has website (+1); has email (+1),4,unknown,,,,,,,,,,,,,,,,,,,,<c68fc4d4f9304324a234094723719905@copperline.mail>,,,,,,
Barcol Door Company Inc.,Loves Park,IL,https://barcoldoor.com,8156330545,email,garage_door,bea0545@gmail.com,quick question,"Hi Barcol Door Company Inc.,

Do you ever miss calls when everyone's out working jobs?

A lot of service companies lose those leads because the customer just calls the next number if nobody answers.

I set up a simple text-back line that replies to missed callers automatically so you can follow up instead of losing the job.

Happy to send a quick example if you're curious.

– Drew",true,2026-03-16T01:19:28.323381+00:00,,Good Fit — high-fit industry (garage_door) (+2); has website (+1); has email (+1),4,unknown,,,,,,,,,,,,,,,,,,,,<18c354f9cf234ea1a87f1236c967ab81@copperline.mail>,,,,,,
Ackerson Door Sales,Caledonia,IL,http://www.ackersondoors.com,8157651551,email,garage_door,sales@ackersondoors.com,quick question for Ackerson Door Sales,"Hi Ackerson Door Sales,

Do you guys ever miss calls when the crew is out on jobs?

A lot of service companies lose those leads because the customer just calls the next number if nobody answers.

I set up a simple text-back line that replies to missed callers automatically so you can follow up instead of losing the job.

Happy to send a quick example if you're curious.

– Drew",true,2026-03-16T01:20:15.002982+00:00,,Good Fit — high-fit industry (garage_door) (+2); has website (+1); has email (+1),4,unknown,,,,,,,,,,,,,,,,,,,,<68f61b63ba5848aba9254a0c11254f07@copperline.mail>,true,2026-03-16T01:25:22.123998+00:00,"The message you sent requires that you verify that you are a real live human being and not a spam source.  To complete this verification, simply reply to this message and leave the subject line intact.   Or, you can click the following link:  http://www.ackersondoors.com/cgi-sys/bxd.cgi?a=s",,,
Roscoe Garage Doors,Roscoe,IL,https://www.roscoegaragedoor.com,8156238283,email,garage_door,roscoegaragedoor@gmail.com,after-hours calls,"Hi Roscoe Garage Doors,

Do you guys ever miss calls when the crew is out on jobs?

A lot of service companies lose those leads because the customer just calls the next number if nobody answers.

I set up a simple text-back line that replies to missed callers automatically so you can follow up instead of losing the job.

Happy to send a quick example if you're curious.

– Drew",true,2026-03-16T01:21:01.345505+00:00,,Good Fit — high-fit industry (garage_door) (+2); has website (+1); has email (+1),4,unknown,,,,,,,,,,,,,,,,,,,,<bb6468a9ba844978aae9adca41e83087@copperline.mail>,,,,,,
Allen Heating & Cooling,Rockford,IL,http://www.allenheatcool.com,8152988020,email,plumbing,allenheatcool@yahoo.com,missed calls?,"Hi Allen Heating & Cooling,

Do you ever miss calls when everyone's out working jobs?

A lot of service companies lose those leads because the customer just calls the next number if nobody answers.

I set up a simple text-back line that replies to missed callers automatically so you can follow up instead of losing the job.

Happy to send a quick example if you're curious.

– Drew",true,2026-03-16T01:21:47.720115+00:00,,High Opportunity — high-fit industry (plumbing) (+2); has website (+1); has email (+1); email_found contactability (+1),5,unknown,,,,,,,,,,,,,,,,,,,,<187dfbefd747438089e6a2e0aeeb2c92@copperline.mail>,,,,,,
Rockford Heating & Air Conditioning,Rockford,IL,https://www.rockfordheating.com,8159659494,email,plumbing,rockfordheating@gmail.com,quick question,"Hi Rockford Heating & Air Conditioning,

Quick question — what happens when someone calls after hours and nobody answers?

A lot of service companies lose those leads because the customer just calls the next number if nobody answers.

I set up a simple text-back line that replies to missed callers automatically so you can follow up instead of losing the job.

Happy to send a quick example if you're curious.

– Drew",true,2026-03-16T01:22:34.267848+00:00,,High Opportunity — high-fit industry (plumbing) (+2); has website (+1); has email (+1); email_found contactability (+1),5,unknown,,,,,,,,,,,,,,,,,,,,<8ce503b8e4ea41e09ff56fdfe0525486@copperline.mail>,,,,,,
Superior Overhead Door,Crystal Lake,IL,https://callsuperiordoor.com,8157881100,email,garage_door,info@callsuperiordoor.com,quick question for Superior Overhead Door,"Hi Superior Overhead Door,

Do you guys ever miss calls when the crew is out on jobs?

A lot of service companies lose those leads because the customer just calls the next number if nobody answers.

I set up a simple text-back line that replies to missed callers automatically so you can follow up instead of losing the job.

Happy to send a quick example if you're curious.

– Drew",true,2026-03-16T01:23:20.679497+00:00,,High Opportunity — high-fit industry (garage_door) (+2); has website (+1); has email (+1); email_found contactability (+1),5,unknown,,,,,,,,,,,,,,,,,,,,<042da337775e442fab2351c00f8502a1@copperline.mail>,,,,,,
Perfect Temp Heating & Cooling,Loves Park,IL,https://perfecttemprockford.com/lovespark-il-hvac,8152965759,email,hvac,perfecttempheatingcooling@gmail.com,after-hours calls,"Hi Perfect Temp Heating & Cooling,

Do you guys ever miss calls when the crew is out on jobs?

A lot of service companies lose those leads because the customer just calls the next number if nobody answers.

I set up a simple text-back line that replies to missed callers automatically so you can follow up instead of losing the job.

Happy to send a quick example if you're curious.

– Drew",true,2026-03-16T07:59:43-05:00,safe_autopilot,High Opportunity — high-fit industry (hvac) (+2); has website (+1); has email (+1); email_found contactability (+1),5,unknown,,v4,https://www.facebook.com/perfect.temp.rkfd,,https://perfecttemprockford.com/contact-us/,"email_found,facebook_found",Hey Perfect Temp Heating & Cooling — quick question. Do you ever miss calls when your team is out on jobs? I set up a simple text-back line for service companies in Loves Park that replies to missed callers automatically. Happy to send a quick example — just let me know!,"Hey Perfect — quick question, do you ever miss calls when everyone's out on jobs? I set up a simple text-back line for service companies so those after-hours callers get a reply automatically instead of calling the next guy. Happy to send an example.","Hey Perfect — quick question, do you ever miss calls when everyone's out on jobs? I set up a simple text-back line for service companies so those after-hours callers get a reply automatically instead of calling the next guy. Happy to send an example.","Hi,

I came across Perfect Temp Heating & Cooling and had a quick question — do you currently have a way to follow up with callers who reach your voicemail after hours?

I help local service businesses set up a simple text-back system so missed callers get an automatic reply, keeping the lead warm until someone can call back.

Happy to share a quick example if that's something worth a look.

— Drew",Your site only shows one way to get in touch — adding a backup contact method could help capture more leads.,limited_contact_methods,80,,,0,,,,,,,,,,
Absolute Value Heating & Cooling - Rockford,Rockford,IL,http://goabsolutevalue.com,8472509625,email,hvac,absolutevalue06@gmail.com,quick question for Absolute Value Heating & Cooling - Rockford,"Hi Absolute Value Heating & Cooling - Rockford,

Do you guys ever miss calls when the crew is out on jobs. 

A lot of service companies lose those leads because the customer just calls the next number if nobody answers. 

I set up a simple text-back line that replies to missed callers automatically so you can follow up instead of losing the job.

– Drew",true,2026-03-16T08:00:30-05:00,safe_autopilot,High Opportunity — high-fit industry (hvac) (+2); has website (+1); has email (+1); email_found contactability (+1),5,unknown,,v4,https://www.facebook.com/goabsolutevalue,,,"email_found,facebook_found",Hey Absolute Value Heating & Cooling - Rockford — quick question. Do you ever miss calls when your team is out on jobs? I set up a simple text-back line for service companies in Rockford that replies to missed callers automatically. Happy to send a quick example — just let me know!,"Hey Absolute — quick question, do you ever miss calls when everyone's out on jobs? I set up a simple text-back line for service companies so those after-hours callers get a reply automatically instead of calling the next guy. Happy to send an example.","Hey Absolute — quick question, do you ever miss calls when everyone's out on jobs? I set up a simple text-back line for service companies so those after-hours callers get a reply automatically instead of calling the next guy. Happy to send an example.","Hi,

I came across Absolute Value Heating & Cooling - Rockford and had a quick question — do you currently have a way to follow up with callers who reach your voicemail after hours?

I help local service businesses set up a simple text-back system so missed callers get an automatic reply, keeping the lead warm until someone can call back.

Happy to share a quick example if that's something worth a look.

— Drew",Your site only shows one way to get in touch — adding a backup contact method could help capture more leads.,limited_contact_methods,60,,,0,,,,,,,,,,
"Improved Comfort Rockford HVAC & Furnace Repair Pros, Inc.",Rockford,IL,https://hvacrockfordil.com,7799707066,email,hvac,info@yourcompany.com,missed calls?,"Hi Improved Comfort Rockford HVAC & Furnace Repair Pros, Inc. ,

Do you ever miss calls when everyone's out working jobs. 

A lot of service companies lose those leads because the customer just calls the next number if nobody answers. 

I set up a simple text-back line that replies to missed callers automatically so you can follow up instead of losing the job.

– Drew",true,2026-03-16T08:01:18-05:00,safe_autopilot,High Opportunity — high-fit industry (hvac) (+2); has website (+1); has email (+1); email_found contactability (+1),5,unknown,,v4,,,https://hvacrockfordil.com/schedule-page-6932,email_found,"Hey Improved Comfort Rockford HVAC & Furnace Repair Pros, Inc. — quick question. Do you ever miss calls when your team is out on jobs? I set up a simple text-back line for service companies in Rockford that replies to missed callers automatically. Happy to send a quick example — just let me know!","Hey Improved — quick question, do you ever miss calls when everyone's out on jobs? I set up a simple text-back line for service companies so those after-hours callers get a reply automatically instead of calling the next guy. Happy to send an example.","Hey Improved — quick question, do you ever miss calls when everyone's out on jobs? I set up a simple text-back line for service companies so those after-hours callers get a reply automatically instead of calling the next guy. Happy to send an example.","Hi,

I came across Improved Comfort Rockford HVAC & Furnace Repair Pros, Inc. and had a quick question — do you currently have a way to follow up with callers who reach your voicemail after hours?

I help local service businesses set up a simple text-back system so missed callers get an automatic reply, keeping the lead warm until someone can call back.

Happy to share a quick example if that's something worth a look.

— Drew",Your site only shows one way to get in touch — adding a backup contact method could help capture more leads.,limited_contact_methods,70,,,0,,,,,,,,,,
MP Heating & Air Conditioning,Machesney Park,IL,http://www.mphvac.com,8156399190,email,hvac,info@mphvac.com,missed calls?,"Hi MP Heating & Air Conditioning,

Do you ever miss calls when everyone's out working jobs?

A lot of service companies lose those leads because the customer just calls the next number if nobody answers.

I set up a simple text-back line that replies to missed callers automatically so you can follow up instead of losing the job.

Happy to send a quick example if you're curious.

– Drew",true,2026-03-16T08:02:05-05:00,safe_autopilot,High Opportunity — high-fit industry (hvac) (+2); has website (+1); has email (+1); email_found contactability (+1),5,unknown,,v4,https://www.facebook.com/MPHVAC,,,"email_found,facebook_found",Hey MP Heating & Air Conditioning — quick question. Do you ever miss calls when your team is out on jobs? I set up a simple text-back line for service companies in Machesney Park that replies to missed callers automatically. Happy to send a quick example — just let me know!,"Hey MP — quick question, do you ever miss calls when everyone's out on jobs? I set up a simple text-back line for service companies so those after-hours callers get a reply automatically instead of calling the next guy. Happy to send an example.","Hey MP — quick question, do you ever miss calls when everyone's out on jobs? I set up a simple text-back line for service companies so those after-hours callers get a reply automatically instead of calling the next guy. Happy to send an example.","Hi,

I came across MP Heating & Air Conditioning and had a quick question — do you currently have a way to follow up with callers who reach your voicemail after hours?

I help local service businesses set up a simple text-back system so missed callers get an automatic reply, keeping the lead warm until someone can call back.

Happy to share a quick example if that's something worth a look.

— Drew",Your site only shows one way to get in touch — adding a backup contact method could help capture more leads.,limited_contact_methods,60,,,0,,,,,,,,,,
Gilley's Heating & Air Conditioning,Rockford,IL,http://www.gilleysheatingandair.com,8159621927,email,hvac,service@gilleysheatingandair.com,missed calls?,"Hi Gilley's Heating & Air Conditioning,

Quick question — what happens when someone calls after hours and nobody answers?

A lot of service companies lose those leads because the customer just calls the next number if nobody answers.

I set up a simple text-back line that replies to missed callers automatically so you can follow up instead of losing the job.

Happy to send a quick example if you're curious.

– Drew",true,2026-03-16T08:02:52-05:00,safe_autopilot,High Opportunity — high-fit industry (hvac) (+2); has website (+1); has email (+1); email_found contactability (+1),5,unknown,,v4,https://www.facebook.com/GilleysHeatingAndAirConditioning,https://www.instagram.com/GilleysHVAC/,http://www.gilleysheatingandair.com/contact,"email_found,facebook_found,instagram_found",Hey Gilley's Heating & Air Conditioning — quick question. Do you ever miss calls when your team is out on jobs? I set up a simple text-back line for service companies in Rockford that replies to missed callers automatically. Happy to send a quick example — just let me know!,"Hey Gilley's — quick question, do you ever miss calls when everyone's out on jobs? I set up a simple text-back line for service companies so those after-hours callers get a reply automatically instead of calling the next guy. Happy to send an example.","Hey Gilley's — quick question, do you ever miss calls when everyone's out on jobs? I set up a simple text-back line for service companies so those after-hours callers get a reply automatically instead of calling the next guy. Happy to send an example.","Hi,

I came across Gilley's Heating & Air Conditioning and had a quick question — do you currently have a way to follow up with callers who reach your voicemail after hours?

I help local service businesses set up a simple text-back system so missed callers get an automatic reply, keeping the lead warm until someone can call back.

Happy to share a quick example if that's something worth a look.

— Drew",Your site only shows one way to get in touch — adding a backup contact method could help capture more leads.,limited_contact_methods,80,,,0,,,,,,,,,,
Massie Heating and Air Conditioning,Loves Park,IL,https://www.massiehvac.com,8159887284,website,hvac,,quick question,"Hi Massie Heating and Air Conditioning,

Do you ever miss calls when everyone's out working jobs?

A lot of service companies lose those leads because the customer just calls the next number if nobody answers.

I set up a simple text-back line that replies to missed callers automatically so you can follow up instead of losing the job.

Happy to send a quick example if you're curious.

– Drew",true,2026-03-12T22:46:24-05:00,,Possible — high-fit industry (hvac) (+2); has website (+1),3,unknown,,v4,,,https://www.massiehvac.com/request-form,contact_form_only,Hey Massie Heating and Air Conditioning — quick question. Do you ever miss calls when your team is out on jobs? I set up a simple text-back line for service companies in Loves Park that replies to missed callers automatically. Happy to send a quick example — just let me know!,"Hey Massie — quick question, do you ever miss calls when everyone's out on jobs? I set up a simple text-back line for service companies so those after-hours callers get a reply automatically instead of calling the next guy. Happy to send an example.","Hey Massie — quick question, do you ever miss calls when everyone's out on jobs? I set up a simple text-back line for service companies so those after-hours callers get a reply automatically instead of calling the next guy. Happy to send an example.","Hi,

I came across Massie Heating and Air Conditioning and had a quick question — do you currently have a way to follow up with callers who reach your voicemail after hours?

I help local service businesses set up a simple text-back system so missed callers get an automatic reply, keeping the lead warm until someone can call back.

Happy to share a quick example if that's something worth a look.

— Drew",Your site only shows one way to get in touch — adding a backup contact method could help capture more leads.,limited_contact_methods,40,,,0,,,,,,,,,,
Gough Heating & Air Conditioning Ltd,Loves Park,IL,http://goughheating.com,8156337130,email,hvac,stephanie@goughheating.com,quick question for Gough Heating & Air Conditioning Ltd,"Hi Gough Heating & Air Conditioning Ltd,

Do you guys ever miss calls when the crew is out on jobs. 

A lot of service companies lose those leads because the customer just calls the next number if nobody answers. 

I set up a simple text-back line that replies to missed callers automatically so you can follow up instead of losing the job.

– Drew",true,2026-03-16T08:03:38-05:00,safe_autopilot,High Opportunity — high-fit industry (hvac) (+2); has website (+1); has email (+1); email_found contactability (+1),5,unknown,,v4,https://www.facebook.com/goughheating,,,"email_found,facebook_found",Hey Gough Heating & Air Conditioning Ltd — quick question. Do you ever miss calls when your team is out on jobs? I set up a simple text-back line for service companies in Loves Park that replies to missed callers automatically. Happy to send a quick example — just let me know!,"Hey Gough — quick question, do you ever miss calls when everyone's out on jobs? I set up a simple text-back line for service companies so those after-hours callers get a reply automatically instead of calling the next guy. Happy to send an example.","Hey Gough — quick question, do you ever miss calls when everyone's out on jobs? I set up a simple text-back line for service companies so those after-hours callers get a reply automatically instead of calling the next guy. Happy to send an example.","Hi,

I came across Gough Heating & Air Conditioning Ltd and had a quick question — do you currently have a way to follow up with callers who reach your voicemail after hours?

I help local service businesses set up a simple text-back system so missed callers get an automatic reply, keeping the lead warm until someone can call back.

Happy to share a quick example if that's something worth a look.

— Drew",Your site only shows one way to get in touch — adding a backup contact method could help capture more leads.,limited_contact_methods,60,,,0,,,,,,,,,,
Latino Heating & Cooling Inc,Machesney Park,IL,https://latinoheatingcoolinginc.com,8155191542,email,hvac,v.manzanarez@yahoo.com,quick question for Latino Heating & Cooling Inc,"Hi Latino Heating & Cooling Inc,

Do you ever miss calls when everyone's out working jobs?

A lot of service companies lose those leads because the customer just calls the next number if nobody answers.

I set up a simple text-back line that replies to missed callers automatically so you can follow up instead of losing the job.

Happy to send a quick example if you're curious.

– Drew",true,2026-03-16T08:04:25-05:00,safe_autopilot,High Opportunity — high-fit industry (hvac) (+2); has website (+1); has email (+1); email_found contactability (+1),5,unknown,,v4,https://www.facebook.com/latinoheatingcoolinginc,,https://latinoheatingcoolinginc.com/contact,"email_found,facebook_found",Hey Latino Heating & Cooling Inc — quick question. Do you ever miss calls when your team is out on jobs? I set up a simple text-back line for service companies in Machesney Park that replies to missed callers automatically. Happy to send a quick example — just let me know!,"Hey Latino — quick question, do you ever miss calls when everyone's out on jobs? I set up a simple text-back line for service companies so those after-hours callers get a reply automatically instead of calling the next guy. Happy to send an example.","Hey Latino — quick question, do you ever miss calls when everyone's out on jobs? I set up a simple text-back line for service companies so those after-hours callers get a reply automatically instead of calling the next guy. Happy to send an example.","Hi,

I came across Latino Heating & Cooling Inc and had a quick question — do you currently have a way to follow up with callers who reach your voicemail after hours?

I help local service businesses set up a simple text-back system so missed callers get an automatic reply, keeping the lead warm until someone can call back.

Happy to share a quick example if that's something worth a look.

— Drew",Your site only shows one way to get in touch — adding a backup contact method could help capture more leads.,limited_contact_methods,80,,,0,,,,,,,,,,
"Affordable American Air Heating, Cooling & Energy services",Lombard,IL,http://www.affordableamericanair.net,6304822995,email,hvac,affordableaahvac@yahoo.com,quick question,"Hi Affordable American Air Heating, Cooling & Energy services,

Quick question — what happens when someone calls after hours and nobody answers. 

A lot of service companies lose those leads because the customer just calls the next number if nobody answers. 

I set up a simple text-back line that replies to missed callers automatically so you can follow up instead of losing the job.

– Drew",true,2026-03-16T08:05:12-05:00,safe_autopilot,High Opportunity — high-fit industry (hvac) (+2); has website (+1); has email (+1); email_found contactability (+1),5,unknown,,v4,https://www.facebook.com/AffordableAmer1,,http://www.affordableamericanair.net/#Contact,"email_found,facebook_found","Hey Affordable American Air Heating, Cooling & Energy services — quick question. Do you ever miss calls when your team is out on jobs? I set up a simple text-back line for service companies in Lombard that replies to missed callers automatically. Happy to send a quick example — just let me know!","Hey Affordable — quick question, do you ever miss calls when everyone's out on jobs? I set up a simple text-back line for service companies so those after-hours callers get a reply automatically instead of calling the next guy. Happy to send an example.","Hey Affordable — quick question, do you ever miss calls when everyone's out on jobs? I set up a simple text-back line for service companies so those after-hours callers get a reply automatically instead of calling the next guy. Happy to send an example.","Hi,

I came across Affordable American Air Heating, Cooling & Energy services and had a quick question — do you currently have a way to follow up with callers who reach your voicemail after hours?

I help local service businesses set up a simple text-back system so missed callers get an automatic reply, keeping the lead warm until someone can call back.

Happy to share a quick example if that's something worth a look.

— Drew",Your site only shows one way to get in touch — adding a backup contact method could help capture more leads.,limited_contact_methods,80,,,0,,,,,,,,,,
Any Temp Heating & Cooling,Addison,IL,https://any-temp.com,6303267814,email,hvac,workorder@any-temp.com,quick question for Any Temp Heating & Cooling,"Hi Any Temp Heating & Cooling,

Do you ever miss calls when everyone's out working jobs?

A lot of service companies lose those leads because the customer just calls the next number if nobody answers.

I set up a simple text-back line that replies to missed callers automatically so you can follow up instead of losing the job.

Happy to send a quick example if you're curious.

– Drew",true,2026-03-16T08:05:59-05:00,safe_autopilot,High Opportunity — high-fit industry (hvac) (+2); has website (+1); has email (+1); email_found contactability (+1),5,unknown,,v4,https://www.facebook.com/anytemp,,https://any-temp.com/contact-us/,"email_found,facebook_found",Hey Any Temp Heating & Cooling — quick question. Do you ever miss calls when your team is out on jobs? I set up a simple text-back line for service companies in Addison that replies to missed callers automatically. Happy to send a quick example — just let me know!,"Hey Any — quick question, do you ever miss calls when everyone's out on jobs? I set up a simple text-back line for service companies so those after-hours callers get a reply automatically instead of calling the next guy. Happy to send an example.","Hey Any — quick question, do you ever miss calls when everyone's out on jobs? I set up a simple text-back line for service companies so those after-hours callers get a reply automatically instead of calling the next guy. Happy to send an example.","Hi,

I came across Any Temp Heating & Cooling and had a quick question — do you currently have a way to follow up with callers who reach your voicemail after hours?

I help local service businesses set up a simple text-back system so missed callers get an automatic reply, keeping the lead warm until someone can call back.

Happy to share a quick example if that's something worth a look.

— Drew",Your site only shows one way to get in touch — adding a backup contact method could help capture more leads.,limited_contact_methods,80,,,0,,,,,,,,,,
Global Heating and Cooling | HVAC,Chicago,IL,https://www.globalheatingcooling.us,7738013734,email,hvac,info@globalheatingcooling.us,quick question,"Hi Global Heating and Cooling | HVAC,

Do you guys ever miss calls when the crew is out on jobs. 

A lot of service companies lose those leads because the customer just calls the next number if nobody answers. 

I set up a simple text-back line that replies to missed callers automatically so you can follow up instead of losing the job.

– Drew",true,2026-03-16T08:06:46-05:00,safe_autopilot,High Opportunity — high-fit industry (hvac) (+2); has website (+1); has email (+1); email_found contactability (+1),5,unknown,,v4,https://www.facebook.com/ghcus,,https://www.globalheatingcooling.us/wp-content/plugins/contact-form-7/includes/css/styles.css?ver=5.9.8,"email_found,facebook_found",Hey Global Heating and Cooling | HVAC — quick question. Do you ever miss calls when your team is out on jobs? I set up a simple text-back line for service companies in Chicago that replies to missed callers automatically. Happy to send a quick example — just let me know!,"Hey Global — quick question, do you ever miss calls when everyone's out on jobs? I set up a simple text-back line for service companies so those after-hours callers get a reply automatically instead of calling the next guy. Happy to send an example.","Hey Global — quick question, do you ever miss calls when everyone's out on jobs? I set up a simple text-back line for service companies so those after-hours callers get a reply automatically instead of calling the next guy. Happy to send an example.","Hi,

I came across Global Heating and Cooling | HVAC and had a quick question — do you currently have a way to follow up with callers who reach your voicemail after hours?

I help local service businesses set up a simple text-back system so missed callers get an automatic reply, keeping the lead warm until someone can call back.

Happy to share a quick example if that's something worth a look.

— Drew",Your site only shows one way to get in touch — adding a backup contact method could help capture more leads.,limited_contact_methods,80,,,0,,,,,,,,,,
"Freedom Heating, Cooling & Electrical",Franklin Park,IL,https://freedomheatcool.com,8472509265,email,hvac,info@freedomheatcool.com,"quick question for Freedom Heating, Cooling & Electrical","Hi Freedom Heating, Cooling & Electrical,

Do you ever miss calls when everyone's out working jobs?

A lot of service companies lose those leads because the customer just calls the next number if nobody answers.

I set up a simple text-back line that replies to missed callers automatically so you can follow up instead of losing the job.

Happy to send a quick example if you're curious.

– Drew",true,2026-03-16T08:07:33-05:00,safe_autopilot,High Opportunity — high-fit industry (hvac) (+2); has website (+1); has email (+1); email_found contactability (+1),5,unknown,,v4,https://www.facebook.com/freedomheatingandair,https://www.instagram.com/freedom.hvac/,https://freedomheatcool.com/contact/,"email_found,facebook_found,instagram_found","Hey Freedom Heating, Cooling & Electrical — quick question. Do you ever miss calls when your team is out on jobs? I set up a simple text-back line for service companies in Franklin Park that replies to missed callers automatically. Happy to send a quick example — just let me know!","Hey Freedom — quick question, do you ever miss calls when everyone's out on jobs? I set up a simple text-back line for service companies so those after-hours callers get a reply automatically instead of calling the next guy. Happy to send an example.","Hey Freedom — quick question, do you ever miss calls when everyone's out on jobs? I set up a simple text-back line for service companies so those after-hours callers get a reply automatically instead of calling the next guy. Happy to send an example.","Hi,

I came across Freedom Heating, Cooling & Electrical and had a quick question — do you currently have a way to follow up with callers who reach your voicemail after hours?

I help local service businesses set up a simple text-back system so missed callers get an automatic reply, keeping the lead warm until someone can call back.

Happy to share a quick example if that's something worth a look.

— Drew",Your site only shows one way to get in touch — adding a backup contact method could help capture more leads.,limited_contact_methods,80,,,0,,,,,,,,,,
Planz Heating & Air Conditioning,Villa Park,IL,http://www.planzheating.com,6302792995,email,hvac,605a7baede844d278b89dc95ae0a9123@sentry-next.wixpress.com,missed calls?,"Hi Planz Heating & Air Conditioning,

Do you ever miss calls when everyone's out working jobs?

A lot of service companies lose those leads because the customer just calls the next number if nobody answers.

I set up a simple text-back line that replies to missed callers automatically so you can follow up instead of losing the job.

Happy to send a quick example if you're curious.

– Drew",true,2026-03-16T08:08:20-05:00,safe_autopilot,High Opportunity — high-fit industry (hvac) (+2); has website (+1); has email (+1); email_found contactability (+1),5,unknown,,v4,https://www.facebook.com/PlanzHeating,,,"email_found,facebook_found",Hey Planz Heating & Air Conditioning — quick question. Do you ever miss calls when your team is out on jobs? I set up a simple text-back line for service companies in Villa Park that replies to missed callers automatically. Happy to send a quick example — just let me know!,"Hey Planz — quick question, do you ever miss calls when everyone's out on jobs? I set up a simple text-back line for service companies so those after-hours callers get a reply automatically instead of calling the next guy. Happy to send an example.","Hey Planz — quick question, do you ever miss calls when everyone's out on jobs? I set up a simple text-back line for service companies so those after-hours callers get a reply automatically instead of calling the next guy. Happy to send an example.","Hi,

I came across Planz Heating & Air Conditioning and had a quick question — do you currently have a way to follow up with callers who reach your voicemail after hours?

I help local service businesses set up a simple text-back system so missed callers get an automatic reply, keeping the lead warm until someone can call back.

Happy to share a quick example if that's something worth a look.

— Drew",Your site only shows one way to get in touch — adding a backup contact method could help capture more leads.,limited_contact_methods,60,,,0,,,,,,,,,,
"Paragon Heating, Cooling, and Tankless",Villa Park,IL,https://www.pmcomfort.com,8475824570,email,hvac,customerservice@pmcomfort.com,quick question,"Hi Paragon Heating, Cooling, and Tankless,

Do you guys ever miss calls when the crew is out on jobs?

A lot of service companies lose those leads because the customer just calls the next number if nobody answers.

I set up a simple text-back line that replies to missed callers automatically so you can follow up instead of losing the job.

Happy to send a quick example if you're curious.

– Drew",true,2026-03-16T08:09:06-05:00,safe_autopilot,High Opportunity — high-fit industry (hvac) (+2); has website (+1); has email (+1); email_found contactability (+1),5,unknown,,v4,https://www.facebook.com/ParagonMechanical,https://www.instagram.com/paragonmechanical/,https://www.pmcomfort.com/shop/#/journey/instant_quote,"email_found,facebook_found,instagram_found","Hey Paragon Heating, Cooling, and Tankless — quick question. Do you ever miss calls when your team is out on jobs? I set up a simple text-back line for service companies in Villa Park that replies to missed callers automatically. Happy to send a quick example — just let me know!","Hey Paragon — quick question, do you ever miss calls when everyone's out on jobs? I set up a simple text-back line for service companies so those after-hours callers get a reply automatically instead of calling the next guy. Happy to send an example.","Hey Paragon — quick question, do you ever miss calls when everyone's out on jobs? I set up a simple text-back line for service companies so those after-hours callers get a reply automatically instead of calling the next guy. Happy to send an example.","Hi,

I came across Paragon Heating, Cooling, and Tankless and had a quick question — do you currently have a way to follow up with callers who reach your voicemail after hours?

I help local service businesses set up a simple text-back system so missed callers get an automatic reply, keeping the lead warm until someone can call back.

Happy to share a quick example if that's something worth a look.

— Drew",Your site only shows one way to get in touch — adding a backup contact method could help capture more leads.,limited_contact_methods,80,,,0,,,,,,,,,,
"Pro Air Heating Cooling and Electrical, HVAC Downers Grove, Naperville, Hinsdale, and Electrician",Downers Grove,IL,https://www.proairhce.com,6306415489,email,hvac,proservice@proairhce.com,quick question,"Hi Pro Air Heating Cooling and Electrical, HVAC Downers Grove, Naperville, Hinsdale, and Electrician,

Do you guys ever miss calls when the crew is out on jobs. 

A lot of service companies lose those leads because the customer just calls the next number if nobody answers. 

I set up a simple text-back line that replies to missed callers automatically so you can follow up instead of losing the job.

– Drew",true,2026-03-16T08:09:53-05:00,safe_autopilot,High Opportunity — high-fit industry (hvac) (+2); has website (+1); has email (+1); email_found contactability (+1),5,unknown,,v4,https://www.facebook.com/ProHCE,https://www.instagram.com/proairheatingcoolingelectrical/,,"email_found,facebook_found,instagram_found","Hey Pro Air Heating Cooling and Electrical, HVAC Downers Grove, Naperville, Hinsdale, and Electrician — quick question. Do you ever miss calls when your team is out on jobs? I set up a simple text-back line for service companies in Downers Grove that replies to missed callers automatically. Happy to send a quick example — just let me know!","Hey Pro — quick question, do you ever miss calls when everyone's out on jobs? I set up a simple text-back line for service companies so those after-hours callers get a reply automatically instead of calling the next guy. Happy to send an exa",,,,,,,,,,,,,,,,,,
